NOC,GDP,Year
Zimbabwe,1503,1968
Zambia,1603,1968
Uruguay,1624,1968
United States,1000000,1968
Uganda,1032,1968
Tunisia,1221,1968
Trinidad and Tobago,736,1968
Togo,292,1968
Thailand,6397,1968
Tanzania,5136,1968
Switzerland,21959,1968
Sweden,33198,1968
Suriname,186,1968
Sudan,1714,1968
Sri Lanka,1845,1968
Spain,34385,1968
South Africa,18144,1968
Singapore,1445,1968
Senegal,1322,1968
Saudi Arabia,4383,1968
Puerto Rico,4122,1968
Portugal,6997,1968
Philippines,9111,1968
Peru,6030,1968
Paraguay,480,1968
Panama,1113,1968
Pakistan,8483,1968
Norway,10807,1968
Nigeria,5461,1968
Niger,611,1968
New Zealand,5490,1968
Netherlands,31942,1968
Morocco,3409,1968
Mexico,31158,1968
Mauritius,149,1968
Malaysia,3471,1968
Luxembourg,1073,1968
Kuwait,2761,1968
Kenya,1368,1968
Jordan,526,1968
Japan,166813,1968
Jamaica,1082,1968
Italy,97238,1968
Israel,5724,1968
Ireland,3523,1968
Iraq,3010,1968
Indonesia,7456,1968
India,56393,1968
Iceland,441,1968
Hungary,5109,1968
Haiti,320,1968
Guyana,173,1968
Guatemala,1642,1968
Greece,10513,1968
Ghana,1702,1968
Germany,166419,1968
Gabon,242,1968
France,136531,1968
Finland,9413,1968
Fiji,107,1968
Ethiopia,2716,1968
Ecuador,2676,1968
Dominican Republic,1077,1968
Denmark,14294,1968
Costa Rica,752,1968
Colombia,6269,1968
China,75285,1968
Chile,7579,1968
Canada,76564,1968
Cameroon,1042,1968
Burundi,124,1968
Burkina Faso,419,1968
Brazil,36019,1968
Botswana,0,1968
Bermuda,89,1968
Belgium,22962,1968
Barbados,63,1968
Austria,13225,1968
Australia,34725,1968
Argentina,28049,1968
Algeria,4026,1968
Zimbabwe,2044,1972
Zambia,1414,1972
Uruguay,1662,1972
United States,1000000,1972
United Arab Emirates,1057,1972
Uganda,1116,1972
Tunisia,1700,1972
Trinidad and Tobago,798,1972
Togo,321,1972
Thailand,6344,1972
Tanzania,2666,1972
Switzerland,28757,1972
Sweden,38169,1972
Suriname,194,1972
Sudan,1892,1972
Sri Lanka,1947,1972
Spain,46149,1972
South Africa,19118,1972
Singapore,2078,1972
Senegal,1218,1972
Saudi Arabia,7506,1972
Samoa,0,1972
Qatar,350,1972
Puerto Rico,4899,1972
Portugal,8738,1972
Philippines,7040,1972
Peru,7135,1972
Paraguay,552,1972
Panama,1259,1972
Pakistan,7312,1972
Norway,13522,1972
Nigeria,9547,1972
Niger,531,1972
New Zealand,7431,1972
Netherlands,42785,1972
Morocco,3918,1972
Mexico,35289,1972
Mauritius,200,1972
Malaysia,3894,1972
Luxembourg,1437,1972
Kuwait,3430,1972
Kenya,1598,1972
Jordan,567,1972
Japan,253994,1972
Jamaica,1417,1972
Italy,113781,1972
Israel,7148,1972
Ireland,4890,1972
Iraq,3167,1972
Indonesia,8549,1972
India,55824,1972
Iceland,607,1972
Hungary,5701,1972
Haiti,241,1972
Guyana,174,1972
Guatemala,1593,1972
Greece,12969,1972
Ghana,1602,1972
Germany,235204,1972
Gabon,287,1972
France,157585,1972
Finland,11478,1972
Fiji,198,1972
Ethiopia,2703,1972
Ecuador,2441,1972
Dominican Republic,1504,1972
Denmark,18113,1972
Cuba,6311,1972
Costa Rica,919,1972
Colombia,6730,1972
China,88837,1972
Chile,9203,1972
Canada,88660,1972
Cameroon,1122,1972
Burundi,144,1972
Burkina Faso,403,1972
Brazil,45637,1972
Botswana,79,1972
Bermuda,135,1972
Belgium,29042,1972
Barbados,118,1972
Bahrain,368,1972
Austria,17130,1972
Australia,40639,1972
Argentina,27106,1972
Algeria,5241,1972
Zimbabwe,2289,1976
Zambia,1448,1976
Uruguay,1941,1976
United States,1000000,1976
United Arab Emirates,10239,1976
Uganda,1290,1976
Tunisia,2390,1976
Trinidad and Tobago,1318,1976
Tonga,0,1976
Togo,450,1976
Thailand,9050,1976
Tanzania,3438,1976
Switzerland,36536,1976
Sweden,47616,1976
Suriname,253,1976
Sudan,3193,1976
Sri Lanka,1900,1976
Spain,63197,1976
South Africa,21949,1976
Singapore,3361,1976
Senegal,1515,1976
Saudi Arabia,34149,1976
Samoa,29,1976
Qatar,1737,1976
Puerto Rico,4771,1976
Portugal,10837,1976
Philippines,10329,1976
Peru,8595,1976
Paraguay,890,1976
Panama,1365,1976
Pakistan,7013,1976
Norway,19169,1976
Nigeria,19365,1976
Niger,552,1976
New Zealand,7246,1976
Netherlands,58343,1976
Morocco,5100,1976
Mexico,47425,1976
Mauritius,364,1976
Malaysia,5882,1976
Luxembourg,1811,1976
Kuwait,6993,1976
Kenya,1838,1976
Jordan,895,1976
Japan,319664,1976
Jamaica,1567,1976
Italy,120213,1976
Israel,8486,1976
Ireland,5030,1976
Iraq,9461,1976
Indonesia,19878,1976
India,54813,1976
Iceland,875,1976
Hungary,7026,1976
Haiti,453,1976
Guyana,226,1976
Guatemala,2314,1976
Greece,16381,1976
Ghana,1460,1976
Germany,278442,1976
Gabon,1590,1976
France,196680,1976
Finland,16986,1976
Fiji,354,1976
Ethiopia,2622,1976
Ecuador,4837,1976
Dominican Republic,2093,1976
Denmark,23739,1976
Cyprus,291,1976
Cuba,7344,1976
Costa Rica,1271,1976
Colombia,8173,1976
China,82155,1976
Chile,5502,1976
Canada,110624,1976
Cameroon,1530,1976
Burundi,223,1976
Burkina Faso,505,1976
Brazil,81744,1976
Botswana,182,1976
Bermuda,190,1976
Belgium,37944,1976
Barbados,216,1976
Bahrain,828,1976
Austria,22825,1976
Australia,56064,1976
Argentina,27297,1976
Algeria,9447,1976
Zimbabwe,2318,1980
Zambia,1340,1980
Uruguay,3538,1980
United States,1000000,1980
United Arab Emirates,15240,1980
Uganda,416,1980
Tunisia,3041,1980
Trinidad and Tobago,2163,1980
Tonga,0,1980
Togo,543,1980
Thailand,11304,1980
Tanzania,3974,1980
Switzerland,42874,1980
Sweden,49640,1980
Suriname,259,1980
Sudan,3114,1980
Sri Lanka,1389,1980
Spain,81388,1980
South Africa,31274,1980
Singapore,4144,1980
Senegal,1559,1980
Saudi Arabia,57568,1980
Samoa,25,1980
Qatar,2721,1980
Puerto Rico,5033,1980
Portugal,11494,1980
Philippines,12877,1980
Peru,6329,1980
Paraguay,1538,1980
Panama,1596,1980
Pakistan,8260,1980
Norway,22534,1980
Nigeria,22451,1980
Niger,859,1980
New Zealand,8116,1980
Netherlands,68382,1980
Namibia,829,1980
Morocco,7586,1980
Mongolia,716,1980
Mexico,71930,1980
Mauritius,382,1980
Malaysia,8551,1980
Luxembourg,2088,1980
Kuwait,10004,1980
Kenya,2524,1980
Jordan,1349,1980
Japan,395248,1980
Jamaica,919,1980
Italy,167399,1980
Israel,8853,1980
Ireland,7592,1980
Iraq,18379,1980
Indonesia,25349,1980
India,65193,1980
Iceland,1164,1980
Hungary,8045,1980
Haiti,465,1980
Guyana,192,1980
Guatemala,2738,1980
Grenada,20,1980
Greece,19594,1980
Ghana,1537,1980
Germany,333788,1980
Gabon,1479,1980
France,243057,1980
Finland,18758,1980
Fiji,402,1980
Ethiopia,2435,1980
Ecuador,6239,1980
Dominican Republic,2347,1980
Dominica,6,1980
Denmark,24764,1980
Cyprus,735,1980
Cuba,6950,1980
Costa Rica,1672,1980
Colombia,11671,1980
China,66880,1980
Chile,10143,1980
Canada,96149,1980
Cameroon,2317,1980
Cabo Verde,31,1980
Burundi,303,1980
Burkina Faso,656,1980
Bulgaria,6924,1980
Brazil,83065,1980
Botswana,352,1980
Bermuda,196,1980
Belgium,44369,1980
Barbados,335,1980
Bahrain,1204,1980
Austria,28588,1980
Australia,52475,1980
Argentina,26916,1980
Algeria,14801,1980
Albania,533,1980
Zimbabwe,1557,1984
Zambia,657,1984
Uruguay,1185,1984
United States,1000000,1984
United Arab Emirates,10338,1984
Uganda,879,1984
Tunisia,2028,1984
Trinidad and Tobago,1905,1984
Tonga,0,1984
Togo,235,1984
Thailand,10336,1984
Tanzania,3180,1984
Switzerland,27093,1984
Sweden,26991,1984
Suriname,198,1984
Sudan,2571,1984
Sri Lanka,1480,1984
Spain,42579,1984
South Africa,21004,1984
Singapore,4875,1984
Senegal,847,1984
Saudi Arabia,29612,1984
Samoa,11,1984
Qatar,1644,1984
Puerto Rico,4730,1984
Portugal,6229,1984
Philippines,8833,1984
Peru,4343,1984
Paraguay,1099,1984
Panama,1515,1984
Pakistan,7699,1984
Norway,15354,1984
Nigeria,18184,1984
Niger,346,1984
New Zealand,5350,1984
Netherlands,35680,1984
Namibia,467,1984
Morocco,3655,1984
Mongolia,503,1984
Mexico,45613,1984
Mauritius,245,1984
Malaysia,8390,1984
Luxembourg,1083,1984
Kuwait,5358,1984
Kenya,1517,1984
Jordan,1214,1984
Japan,333311,1984
Jamaica,571,1984
Italy,108687,1984
Israel,7560,1984
Ireland,4964,1984
Iraq,11609,1984
Indonesia,21000,1984
India,52530,1984
Iceland,693,1984
Hungary,5228,1984
Haiti,433,1984
Guyana,92,1984
Guatemala,2329,1984
Grenada,20,1984
Greece,11712,1984
Ghana,1076,1984
Germany,180233,1984
Gabon,866,1984
France,130021,1984
Finland,13078,1984
Fiji,275,1984
Ethiopia,2039,1984
Ecuador,4172,1984
Dominican Republic,2855,1984
Dominica,11,1984
Denmark,14564,1984
Cyprus,548,1984
Cuba,5938,1984
Costa Rica,890,1984
Colombia,9458,1984
China,64366,1984
Chile,4856,1984
Canada,88334,1984
Cameroon,1795,1984
Cabo Verde,16,1984
Burundi,228,1984
Burkina Faso,345,1984
Bulgaria,4341,1984
Brazil,46631,1984
Botswana,291,1984
Bermuda,228,1984
Belgium,20627,1984
Barbados,317,1984
Bahrain,1083,1984
Austria,16756,1984
Australia,47915,1984
Argentina,28941,1984
Algeria,13283,1984
Albania,444,1984
Zimbabwe,1472,1988
Zambia,691,1988
Uzbekistan,2027,1988
Uruguay,1548,1988
United States,1000000,1988
United Arab Emirates,6907,1988
Ukraine,14246,1988
Uganda,1222,1988
Turkmenistan,554,1988
Tunisia,1907,1988
Trinidad and Tobago,838,1988
Tonga,0,1988
Togo,351,1988
Thailand,11756,1988
Tanzania,1394,1988
Switzerland,41142,1988
Sweden,39451,1988
Suriname,201,1988
Sudan,2724,1988
Sri Lanka,1312,1988
Spain,71764,1988
South Africa,19836,1988
Singapore,4824,1988
Senegal,1205,1988
Saudi Arabia,16834,1988
Samoa,5,1988
Romania,7699,1988
Qatar,1132,1988
Puerto Rico,5018,1988
Portugal,10740,1988
Philippines,8220,1988
Peru,2928,1988
Paraguay,792,1988
Panama,1106,1988
Pakistan,7326,1988
Norway,19439,1988
Nigeria,9461,1988
Niger,415,1988
New Zealand,8607,1988
Netherlands,50071,1988
Namibia,456,1988
Morocco,4888,1988
Mongolia,591,1988
Mexico,34662,1988
Mauritius,392,1988
Malaysia,6715,1988
Luxembourg,1778,1988
Lebanon,612,1988
Kuwait,3930,1988
Kenya,1575,1988
Jordan,1178,1988
Japan,596909,1988
Jamaica,710,1988
Italy,170645,1988
Israel,10016,1988
Ireland,7193,1988
Iraq,11950,1988
Indonesia,16078,1988
India,56620,1988
Iceland,1145,1988
Hungary,5652,1988
Haiti,478,1988
Guyana,58,1988
Guatemala,1477,1988
Grenada,24,1988
Greece,14340,1988
Ghana,972,1988
Germany,268558,1988
Georgia,1666,1988
Gabon,711,1988
France,193020,1988
Finland,20803,1988
Fiji,191,1988
Ethiopia,2114,1988
Ecuador,2472,1988
Dominican Republic,1005,1988
Dominica,12,1988
Djibouti,55,1988
Denmark,22044,1988
Cyprus,796,1988
Cuba,5223,1988
Costa Rica,860,1988
Colombia,7468,1988
China,59630,1988
Chile,4953,1988
Canada,97257,1988
Cameroon,2316,1988
Cabo Verde,30,1988
Burundi,186,1988
Burkina Faso,479,1988
Bulgaria,4287,1988
Brazil,58776,1988
Botswana,484,1988
Bermuda,249,1988
Belgium,30974,1988
Barbados,325,1988
Bahrain,783,1988
Austria,25344,1988
Australia,45080,1988
Argentina,24212,1988
Algeria,11264,1988
Albania,371,1988
Zimbabwe,1015,1992
Zambia,467,1992
Uzbekistan,1966,1992
Uruguay,1954,1992
United States,1000000,1992
United Arab Emirates,8298,1992
Ukraine,11320,1992
Uganda,417,1992
Turkmenistan,470,1992
Tunisia,2356,1992
Trinidad and Tobago,813,1992
Tonga,0,1992
Togo,346,1992
Thailand,17073,1992
Tanzania,1004,1992
Tajikistan,272,1992
Switzerland,42911,1992
Sweden,43523,1992
Suriname,41,1992
Sudan,1058,1992
Sri Lanka,1467,1992
Spain,96673,1992
South Africa,22518,1992
Slovenia,2169,1992
Singapore,7975,1992
Senegal,1171,1992
Saudi Arabia,21004,1992
Samoa,0,1992
Romania,3832,1992
Qatar,1152,1992
Puerto Rico,5290,1992
Portugal,16481,1992
Poland,14448,1992
Philippines,9246,1992
Peru,5495,1992
Paraguay,1077,1992
Panama,1213,1992
Pakistan,7477,1992
Norway,20046,1992
North Macedonia,353,1992
Nigeria,7963,1992
Niger,499,1992
New Zealand,6367,1992
Netherlands,55729,1992
Namibia,505,1992
Mozambique,408,1992
Morocco,5149,1992
Mongolia,181,1992
Moldova,335,1992
Mexico,55677,1992
Mauritius,480,1992
Malaysia,9054,1992
Luxembourg,2359,1992
Lebanon,875,1992
Kuwait,3025,1992
Kenya,1238,1992
Kazakhstan,3801,1992
Jordan,794,1992
Japan,610498,1992
Jamaica,521,1992
Italy,202919,1992
Israel,12144,1992
Ireland,8555,1992
Iraq,64,1992
Indonesia,19615,1992
India,44182,1992
Iceland,1065,1992
Hungary,5919,1992
Haiti,325,1992
Guyana,37,1992
Guatemala,1581,1992
Grenada,27,1992
Greece,17557,1992
Ghana,963,1992
Germany,328402,1992
Georgia,545,1992
Gabon,837,1992
France,213111,1992
Finland,17239,1992
Fiji,214,1992
Ethiopia,1629,1992
Eritrea,52,1992
Ecuador,2754,1992
Dominican Republic,1759,1992
Dominica,15,1992
Djibouti,53,1992
Denmark,23440,1992
Cyprus,1039,1992
Cuba,3367,1992
Croatia,1608,1992
Costa Rica,1295,1992
Colombia,8935,1992
China,65455,1992
Chile,7026,1992
Canada,91140,1992
Cameroon,1831,1992
Cabo Verde,34,1992
Burundi,145,1992
Burkina Faso,494,1992
Bulgaria,1567,1992
Brazil,50314,1992
Botswana,615,1992
Bermuda,237,1992
Belgium,35988,1992
Belarus,2577,1992
Barbados,279,1992
Bahrain,808,1992
Azerbaijan,47,1992
Austria,29781,1992
Australia,49905,1992
Armenia,174,1992
Argentina,35067,1992
Algeria,7341,1992
Albania,79,1992
Zimbabwe,1031,1996
Zambia,418,1996
Uzbekistan,1700,1996
Uruguay,2513,1996
United States,1000000,1996
United Arab Emirates,9085,1996
Ukraine,5492,1996
Uganda,721,1996
Turkmenistan,267,1996
Tunisia,2398,1996
Trinidad and Tobago,685,1996
Tonga,0,1996
Togo,228,1996
Thailand,22645,1996
Tanzania,1141,1996
Tajikistan,101,1996
Switzerland,42101,1996
Sweden,36136,1996
Suriname,79,1996
Sudan,1089,1996
Sri Lanka,1694,1996
Spain,79528,1996
South Africa,20192,1996
Slovenia,2632,1996
Singapore,11900,1996
Serbia,2855,1996
Senegal,785,1996
Saudi Arabia,19626,1996
Samoa,3,1996
Romania,4547,1996
Qatar,1094,1996
Puerto Rico,5588,1996
Portugal,15162,1996
Poland,19892,1996
Philippines,11696,1996
Peru,6816,1996
Paraguay,1184,1996
Panama,1111,1996
Pakistan,7816,1996
Norway,20227,1996
North Macedonia,547,1996
Nigeria,22979,1996
Niger,270,1996
New Zealand,8660,1996
Netherlands,55884,1996
Namibia,466,1996
Mozambique,471,1996
Morocco,5318,1996
Mongolia,139,1996
Moldova,182,1996
Mexico,53504,1996
Mauritius,527,1996
Malaysia,12465,1996
Luxembourg,2560,1996
Lithuania,1016,1996
Lebanon,1668,1996
Latvia,690,1996
Kuwait,3873,1996
Kenya,1464,1996
Kazakhstan,2578,1996
Jordan,830,1996
Japan,609839,1996
Jamaica,888,1996
Italy,162835,1996
Israel,14201,1996
Ireland,9360,1996
Iraq,1264,1996
Indonesia,28137,1996
India,48641,1996
Iceland,892,1996
Hungary,5752,1996
Haiti,332,1996
Guyana,59,1996
Guatemala,1914,1996
Grenada,17,1996
Greece,17624,1996
Ghana,831,1996
Germany,310465,1996
Georgia,355,1996
Gabon,677,1996
France,198028,1996
Finland,16322,1996
Fiji,236,1996
Ethiopia,1057,1996
Estonia,565,1996
Eritrea,58,1996
Ecuador,3097,1996
Dominican Republic,2232,1996
Dominica,8,1996
Djibouti,33,1996
Denmark,23196,1996
Cyprus,1212,1996
Cuba,3071,1996
Croatia,2964,1996
Costa Rica,1419,1996
Colombia,12006,1996
China,106966,1996
Chile,9706,1996
Canada,78086,1996
Cameroon,1346,1996
Cabo Verde,34,1996
Burundi,80,1996
Burkina Faso,292,1996
Bulgaria,1495,1996
Brazil,105315,1996
Botswana,572,1996
Bermuda,306,1996
Belgium,34557,1996
Belarus,1800,1996
Barbados,265,1996
Bahrain,831,1996
Azerbaijan,365,1996
Austria,29200,1996
Australia,49687,1996
Armenia,170,1996
Argentina,33684,1996
Algeria,5787,1996
Albania,368,1996
Zimbabwe,632,2000
Zambia,331,2000
Uzbekistan,1322,2000
Uruguay,2206,2000
United States,1000000,2000
United Arab Emirates,10158,2000
Ukraine,3138,2000
Uganda,584,2000
Turkmenistan,263,2000
Tunisia,2074,2000
Trinidad and Tobago,775,2000
Tonga,0,2000
Togo,185,2000
Thailand,12310,2000
Tanzania,1284,2000
Tajikistan,63,2000
Switzerland,27218,2000
Sweden,25627,2000
Suriname,72,2000
Sudan,1175,2000
Sri Lanka,1573,2000
Spain,58327,2000
South Africa,14784,2000
Slovenia,1946,2000
Singapore,9352,2000
Serbia,694,2000
Senegal,566,2000
Saudi Arabia,18467,2000
San Marino,78,2000
Samoa,5,2000
Romania,3614,2000
Qatar,1712,2000
Puerto Rico,5999,2000
Portugal,11550,2000
Poland,16852,2000
Philippines,8142,2000
Peru,5027,2000
Paraguay,843,2000
Panama,1147,2000
Pakistan,9685,2000
Norway,16706,2000
North Macedonia,348,2000
Nigeria,6727,2000
Niger,198,2000
New Zealand,5113,2000
Netherlands,40723,2000
Namibia,362,2000
Mozambique,558,2000
Morocco,4176,2000
Montenegro,76,2000
Mongolia,90,2000
Moldova,105,2000
Mexico,72370,2000
Mauritius,441,2000
Malaysia,9129,2000
Luxembourg,2051,2000
Lithuania,1106,2000
Lebanon,1663,2000
Latvia,737,2000
Kuwait,3659,2000
Kenya,1219,2000
Kazakhstan,1764,2000
Jordan,805,2000
Japan,484662,2000
Jamaica,858,2000
Italy,112133,2000
Israel,13269,2000
Ireland,9755,2000
Iraq,4698,2000
Indonesia,16078,2000
India,45673,2000
Iceland,860,2000
Hungary,4586,2000
Haiti,644,2000
Guyana,49,2000
Guatemala,1861,2000
Grenada,30,2000
Greece,12248,2000
Ghana,466,2000
Germany,191866,2000
Georgia,278,2000
Gabon,475,2000
France,132746,2000
Finland,12268,2000
Fiji,143,2000
Ethiopia,784,2000
Estonia,534,2000
Eritrea,48,2000
Ecuador,1691,2000
Dominican Republic,2351,2000
Dominica,12,2000
Djibouti,33,2000
Denmark,15983,2000
Cyprus,954,2000
Cuba,2961,2000
Croatia,2139,2000
Costa Rica,1444,2000
Colombia,9723,2000
China,118150,2000
Chile,7622,2000
Canada,72635,2000
Cameroon,1010,2000
Cabo Verde,32,2000
Burundi,64,2000
Burkina Faso,269,2000
Bulgaria,1272,2000
Brazil,63921,2000
Botswana,544,2000
Bermuda,319,2000
Belgium,23080,2000
Belarus,1222,2000
Barbados,278,2000
Bahrain,864,2000
Azerbaijan,494,2000
Austria,19118,2000
Australia,40578,2000
Armenia,166,2000
Argentina,27705,2000
Algeria,5325,2000
Albania,319,2000
Afghanistan,323,2000
Zimbabwe,456,2004
Zambia,490,2004
Uzbekistan,965,2004
Uruguay,1101,2004
United States,1000000,2004
United Arab Emirates,12081,2004
Ukraine,5483,2004
Uganda,630,2004
Turkmenistan,540,2004
Tunisia,2533,2004
Trinidad and Tobago,1068,2004
Tonga,0,2004
Togo,242,2004
Thailand,14133,2004
Tanzania,1345,2004
Tajikistan,151,2004
Switzerland,33042,2004
Sweden,31457,2004
Suriname,102,2004
Sudan,2162,2004
Sri Lanka,1672,2004
Spain,87550,2004
South Africa,20919,2004
Slovenia,2776,2004
Singapore,9397,2004
Serbia,2178,2004
Senegal,805,2004
Saudi Arabia,21160,2004
San Marino,121,2004
Samoa,14,2004
Romania,6117,2004
Qatar,2578,2004
Puerto Rico,6555,2004
Portugal,15482,2004
Poland,20957,2004
Philippines,7757,2004
Peru,5446,2004
Paraguay,768,2004
Panama,1217,2004
Pakistan,10803,2004
Norway,21694,2004
North Macedonia,446,2004
Nigeria,11093,2004
Niger,288,2004
New Zealand,8486,2004
Netherlands,54104,2004
Namibia,522,2004
Mozambique,630,2004
Morocco,5392,2004
Montenegro,150,2004
Mongolia,144,2004
Moldova,193,2004
Mexico,67056,2004
Mauritius,526,2004
Malaysia,10192,2004
Luxembourg,2851,2004
Lithuania,1842,2004
Lebanon,1713,2004
Latvia,1112,2004
Kuwait,4846,2004
Kenya,1298,2004
Kazakhstan,3513,2004
Jordan,915,2004
Japan,400499,2004
Jamaica,813,2004
Italy,148365,2004
Israel,11432,2004
Ireland,15891,2004
Iraq,2979,2004
Indonesia,21004,2004
India,58027,2004
Iceland,1112,2004
Hungary,8503,2004
Haiti,479,2004
Guyana,45,2004
Guatemala,1910,2004
Grenada,30,2004
Greece,19214,2004
Ghana,708,2004
Germany,233452,2004
Georgia,400,2004
Gabon,617,2004
France,172674,2004
Finland,16143,2004
Fiji,202,2004
Ethiopia,810,2004
Estonia,975,2004
Eritrea,71,2004
Ecuador,2861,2004
Dominican Republic,1808,2004
Dominica,11,2004
Djibouti,35,2004
Denmark,20607,2004
Cyprus,1398,2004
Cuba,3108,2004
Croatia,3405,2004
Costa Rica,1504,2004
Colombia,9565,2004
China,160032,2004
Chile,8090,2004
Canada,84019,2004
Cameroon,1522,2004
Cabo Verde,56,2004
Burundi,56,2004
Burkina Faso,427,2004
Bulgaria,2122,2004
Brazil,54764,2004
Botswana,714,2004
Bermuda,348,2004
Belgium,30202,2004
Belarus,1875,2004
Barbados,263,2004
Bahrain,1057,2004
Azerbaijan,691,2004
Austria,24472,2004
Australia,50293,2004
Armenia,273,2004
Argentina,13458,2004
Algeria,7504,2004
Albania,569,2004
Afghanistan,408,2004
Zimbabwe,275,2008
Zambia,1189,2008
Uzbekistan,1977,2008
Uruguay,2083,2008
United States,1000000,2008
United Arab Emirates,21336,2008
Ukraine,12713,2008
Uganda,954,2008
Turkmenistan,1281,2008
Tunisia,3013,2008
Trinidad and Tobago,1863,2008
Tonga,0,2008
Togo,286,2008
Thailand,19705,2008
Tanzania,1868,2008
Tajikistan,326,2008
Switzerland,38384,2008
Sweden,34819,2008
Suriname,215,2008
Sudan,4366,2008
Sri Lanka,2733,2008
Spain,110753,2008
South Africa,21380,2008
Slovenia,3735,2008
Singapore,13085,2008
Serbia,3647,2008
Senegal,1117,2008
Saudi Arabia,35170,2008
San Marino,139,2008
Samoa,20,2008
Romania,14487,2008
Qatar,7781,2008
Puerto Rico,6316,2008
Portugal,17811,2008
Poland,36241,2008
Philippines,12273,2008
Peru,8138,2008
Paraguay,1643,2008
Panama,1718,2008
Pakistan,13667,2008
Norway,31454,2008
North Macedonia,647,2008
Nigeria,22961,2008
Niger,470,2008
New Zealand,8990,2008
Netherlands,64833,2008
Namibia,559,2008
Mozambique,851,2008
Morocco,6870,2008
Montenegro,284,2008
Mongolia,357,2008
Moldova,386,2008
Mexico,78622,2008
Mauritius,653,2008
Malaysia,15604,2008
Luxembourg,3960,2008
Lithuania,3215,2008
Lebanon,1948,2008
Latvia,2287,2008
Kuwait,9955,2008
Kosovo,327,2008
Kenya,2407,2008
Kazakhstan,9011,2008
Jordan,1510,2008
Japan,345734,2008
Jamaica,904,2008
Italy,163658,2008
Israel,14909,2008
Ireland,18626,2008
Iraq,8887,2008
Indonesia,34522,2008
India,81150,2008
Iceland,1200,2008
Hungary,10696,2008
Haiti,683,2008
Guyana,181,2008
Guatemala,2583,2008
Grenada,32,2008
Greece,23750,2008
Ghana,1918,2008
Germany,257858,2008
Georgia,843,2008
Gabon,1030,2008
France,198141,2008
Finland,19320,2008
Fiji,215,2008
Ethiopia,1809,2008
Estonia,1624,2008
Eritrea,70,2008
Ecuador,4116,2008
Dominican Republic,3234,2008
Dominica,7,2008
Djibouti,44,2008
Denmark,24011,2008
Cyprus,1861,2008
Cuba,3788,2008
Croatia,4613,2008
Costa Rica,2062,2008
Colombia,16395,2008
China,311045,2008
Chile,12156,2008
Canada,105124,2008
Cameroon,1853,2008
Cabo Verde,109,2008
Burundi,85,2008
Burkina Faso,616,2008
Bulgaria,3665,2008
Brazil,114797,2008
Botswana,703,2008
Bermuda,449,2008
Belgium,35003,2008
Belarus,4090,2008
Barbados,301,2008
Bahrain,1717,2008
Azerbaijan,3284,2008
Austria,29038,2008
Australia,71482,2008
Armenia,766,2008
Argentina,24456,2008
Algeria,12189,2008
Albania,848,2008
Afghanistan,661,2008
Zimbabwe,1024,2012
Zambia,1540,2012
Uzbekistan,4125,2012
Uruguay,3307,2012
United States,1000000,2012
United Arab Emirates,23634,2012
Ukraine,11205,2012
Uganda,1651,2012
Turkmenistan,2134,2012
Tunisia,2881,2012
Trinidad and Tobago,1652,2012
Tonga,0,2012
Togo,304,2012
Thailand,24430,2012
Tanzania,2410,2012
Tajikistan,440,2012
Switzerland,42203,2012
Sweden,33794,2012
Suriname,277,2012
Sudan,2286,2012
Sri Lanka,4305,2012
Spain,81860,2012
South Africa,26697,2012
Slovenia,2811,2012
Singapore,18126,2012
Serbia,2746,2012
Senegal,1057,2012
Saudi Arabia,45613,2012
San Marino,69,2012
Samoa,18,2012
Romania,10991,2012
Qatar,11465,2012
Puerto Rico,6219,2012
Portugal,13293,2012
Poland,30619,2012
Philippines,16085,2012
Peru,11823,2012
Paraguay,2018,2012
Panama,2530,2012
Pakistan,15358,2012
Norway,31519,2012
North Macedonia,570,2012
Nigeria,28516,2012
Niger,551,2012
New Zealand,10812,2012
Netherlands,52002,2012
Namibia,773,2012
Mozambique,997,2012
Morocco,6550,2012
Montenegro,222,2012
Mongolia,727,2012
Moldova,506,2012
Mexico,77191,2012
Mauritius,688,2012
Malaysia,19317,2012
Luxembourg,3648,2012
Lithuania,2598,2012
Lebanon,2679,2012
Latvia,1639,2012
Kuwait,10679,2012
Kosovo,350,2012
Kenya,3440,2012
Kazakhstan,12768,2012
Jordan,1917,2012
Japan,385879,2012
Jamaica,882,2012
Italy,129046,2012
Israel,16147,2012
Ireland,13953,2012
Iraq,13383,2012
Indonesia,56443,2012
India,112416,2012
Iceland,878,2012
Hungary,7896,2012
Haiti,814,2012
Guyana,220,2012
Guatemala,3022,2012
Grenada,20,2012
Greece,14665,2012
Ghana,2510,2012
Germany,221332,2012
Georgia,1010,2012
Gabon,1027,2012
France,165043,2012
Finland,15810,2012
Fiji,215,2012
Ethiopia,2635,2012
Estonia,1400,2012
Ecuador,5368,2012
Dominican Republic,3704,2012
Dominica,0,2012
Djibouti,54,2012
Denmark,20076,2012
Cyprus,1512,2012
Cuba,4471,2012
Croatia,3511,2012
Costa Rica,2876,2012
Colombia,22777,2012
China,524915,2012
Chile,16399,2012
Canada,112461,2012
Cameroon,1826,2012
Cabo Verde,88,2012
Burundi,114,2012
Burkina Faso,743,2012
Bulgaria,3311,2012
Brazil,151644,2012
Botswana,826,2012
Bermuda,363,2012
Belgium,30636,2012
Belarus,4012,2012
Barbados,295,2012
Bahrain,1937,2012
Azerbaijan,4258,2012
Austria,24996,2012
Australia,95183,2012
Armenia,624,2012
Argentina,33562,2012
Algeria,13946,2012
Albania,728,2012
Afghanistan,1195,2012
Zimbabwe,1070,2016
Zambia,1092,2016
Uzbekistan,4558,2016
Uruguay,3034,2016
United States,1000000,2016
United Arab Emirates,19614,2016
Ukraine,4942,2016
Uganda,1530,2016
Turkmenistan,1901,2016
Tunisia,2336,2016
Trinidad and Tobago,1239,2016
Tonga,0,2016
Togo,300,2016
Thailand,21959,2016
Tanzania,2624,2016
Tajikistan,349,2016
Switzerland,36559,2016
Sweden,27323,2016
Suriname,154,2016
Sudan,2244,2016
Sri Lanka,4658,2016
Spain,66079,2016
South Africa,17185,2016
Slovenia,2332,2016
Singapore,16944,2016
Serbia,2223,2016
Senegal,990,2016
Saudi Arabia,35394,2016
San Marino,55,2016
Samoa,22,2016
Romania,9831,2016
Qatar,8046,2016
Puerto Rico,5526,2016
Portugal,10948,2016
Poland,25144,2016
Philippines,16921,2016
Peru,10182,2016
Paraguay,1896,2016
Panama,3155,2016
Pakistan,16656,2016
Norway,19704,2016
North Macedonia,545,2016
Nigeria,21496,2016
Niger,530,2016
New Zealand,10022,2016
Netherlands,42369,2016
Namibia,547,2016
Mozambique,619,2016
Morocco,5910,2016
Montenegro,210,2016
Mongolia,572,2016
Moldova,402,2016
Mexico,59124,2016
Mauritius,647,2016
Malaysia,15998,2016
Luxembourg,3286,2016
Lithuania,2262,2016
Lebanon,2697,2016
Latvia,1419,2016
Kuwait,5795,2016
Kosovo,332,2016
Kenya,3956,2016
Kazakhstan,7277,2016
Jordan,2099,2016
Japan,266067,2016
Jamaica,726,2016
Italy,100331,2016
Israel,17045,2016
Ireland,16236,2016
Iraq,8844,2016
Indonesia,49533,2016
India,122012,2016
Iceland,1083,2016
Hungary,6816,2016
Haiti,725,2016
Guyana,216,2016
Guatemala,3490,2016
Grenada,34,2016
Greece,10246,2016
Ghana,2964,2016
Germany,188112,2016
Georgia,798,2016
Gabon,723,2016
France,131350,2016
Finland,12675,2016
Fiji,239,2016
Ethiopia,3928,2016
Estonia,1283,2016
Ecuador,5171,2016
Dominican Republic,4003,2016
Dominica,8,2016
Djibouti,116,2016
Denmark,16579,2016
Cyprus,1096,2016
Cuba,4836,2016
Croatia,2777,2016
Costa Rica,3107,2016
Colombia,15012,2016
China,597351,2016
Chile,13237,2016
Canada,81234,2016
Cameroon,1775,2016
Cabo Verde,75,2016
Burundi,118,2016
Burkina Faso,660,2016
Bulgaria,2847,2016
Brazil,95470,2016
Botswana,779,2016
Bermuda,344,2016
Belgium,25198,2016
Belarus,2515,2016
Barbados,261,2016
Bahrain,1779,2016
Azerbaijan,1991,2016
Austria,20913,2016
Australia,64155,2016
Armenia,538,2016
Argentina,29626,2016
Algeria,9590,2016
Albania,608,2016
Afghanistan,941,2016
Zimbabwe,1234,2020
Zambia,826,2020
Uzbekistan,3088,2020
Uruguay,2490,2020
United States,1000000,2020
United Arab Emirates,16342,2020
Ukraine,7311,2020
Uganda,1737,2020
Turkmenistan,2122,2020
Tunisia,1966,2020
Trinidad and Tobago,951,2020
Tonga,0,2020
Togo,323,2020
Thailand,23413,2020
Tanzania,3070,2020
Tajikistan,357,2020
Switzerland,34724,2020
Sweden,25506,2020
Suriname,113,2020
Sudan,1242,2020
Sri Lanka,3924,2020
Spain,60377,2020
South Africa,15804,2020
Slovenia,2476,2020
Singapore,16343,2020
Serbia,2593,2020
Senegal,1125,2020
Saudi Arabia,34363,2020
San Marino,49,2020
Samoa,17,2020
Romania,11779,2020
Qatar,6739,2020
Puerto Rico,4806,2020
Portugal,10729,2020
Poland,28351,2020
Philippines,16917,2020
Peru,9408,2020
Paraguay,1636,2020
Panama,2648,2020
Pakistan,14045,2020
Norway,17193,2020
North Macedonia,555,2020
Nigeria,20216,2020
Niger,620,2020
New Zealand,9937,2020
Netherlands,43649,2020
Namibia,472,2020
Mozambique,643,2020
Morocco,5659,2020
Montenegro,200,2020
Mongolia,600,2020
Moldova,516,2020
Mexico,52476,2020
Mauritius,510,2020
Malaysia,15779,2020
Luxembourg,3428,2020
Lithuania,2665,2020
Lebanon,1461,2020
Latvia,1539,2020
Kuwait,5177,2020
Kosovo,338,2020
Kenya,4690,2020
Kazakhstan,7988,2020
Jordan,2023,2020
Japan,236732,2020
Jamaica,623,2020
Italy,89305,2020
Israel,19258,2020
Ireland,20420,2020
Iraq,8448,2020
Indonesia,49572,2020
India,125241,2020
Iceland,989,2020
Hungary,7342,2020
Haiti,656,2020
Guyana,232,2020
Guatemala,3616,2020
Grenada,25,2020
Greece,8938,2020
Ghana,3256,2020
Germany,184495,2020
Georgia,726,2020
Gabon,695,2020
France,123980,2020
Finland,12620,2020
Fiji,184,2020
Ethiopia,5018,2020
Estonia,1466,2020
Ecuador,4466,2020
Dominican Republic,3669,2020
Dominica,0,2020
Djibouti,125,2020
Denmark,16631,2020
Cyprus,1173,2020
Cuba,5004,2020
Croatia,2691,2020
Costa Rica,2898,2020
Colombia,12637,2020
China,687811,2020
Chile,11873,2020
Canada,77513,2020
Cameroon,1886,2020
Cabo Verde,62,2020
Burundi,100,2020
Burkina Faso,806,2020
Bulgaria,3288,2020
Brazil,69103,2020
Botswana,677,2020
Bermuda,299,2020
Belgium,24782,2020
Belarus,2850,2020
Barbados,218,2020
Bahrain,1655,2020
Azerbaijan,1976,2020
Austria,20319,2020
Australia,62187,2020
Armenia,568,2020
Argentina,18041,2020
Algeria,7697,2020
Albania,690,2020
Afghanistan,911,2020
